variable,count,mean,std,min,25%,50%,75%,max,original
dummy1,1000.0,-0.000194906389554795,0.01070199982366901,-0.0340911641509581,-0.00689738283555515,-0.00033606415056355,0.00680347875873195,0.029839993976662,0.0163735347475945
dummy2,1000.0,-0.0004112177557213588,0.010501647478795456,-0.0279218071967937,-0.007699412988784925,-0.00064696993803315,0.006590844223070925,0.0412781828908311,-0.0019807341897096
x1,1000.0,-0.08364905225102759,3.0525670889712018,-8.710096164888405,-2.2170115070041176,-0.21224287879099546,1.9283067548636659,28.201485498302503,28.201485498302503
x2,1000.0,0.21450691741907732,8.033859961760166,-26.92261827417357,-5.3077970810351935,0.17278733318053247,5.525069289591562,75.0530070500555,75.0530070500555
x3,1000.0,-0.0486762458767054,1.9084952674770599,-5.491237975638979,-1.3020995095345813,-0.0469785146521792,1.1740022302286324,17.752579665820644,17.752579665820644
