variable,count,mean,std,min,25%,50%,75%,max,original
dummy1,1000.0,-0.00027644121904837475,0.01146313203424615,-0.04014267094038,-0.0076792449486307,5.754068964618366e-05,0.0075448485323803246,0.0346652426185166,-0.009049539086372
dummy2,1000.0,5.481081617434324e-06,0.01067846375636003,-0.0312856214757451,-0.00715611235403265,0.00025022089544305,0.007091261309997875,0.0323590586910421,0.0163461981642001
x1,1000.0,0.15372919549324587,3.0746553839653523,-8.95212050582952,-1.948102651506549,0.13837792109408253,2.1153141656968977,28.204126727358933,28.204126727358933
x2,1000.0,0.21287910090551293,7.748718625664243,-20.47175749231785,-4.892378131952544,0.21172969706825606,5.088057297061498,75.04601271365398,75.04601271365398
x3,1000.0,0.014730204305496201,1.9471760294683338,-6.984493523953086,-1.1450256437381876,-0.0764140731059506,1.308732158623875,17.75236836732591,17.75236836732591
